{
    "type": "database",
    "name": "ccg naw",
    "objects": [
        {
            "type": "table",
            "database": null,
            "name": "Sizes",
            "withoutRowId": true,
            "ddl": "CREATE TABLE Sizes (Name VARCHAR NOT NULL UNIQUE, Width INTEGER, Height INTEGER, BlockWidth INTEGER, BlockHeight INTEGER, HGridSize INTEGER, VgridSize INTEGER, Comments VARCHAR)",
            "columns": [
                {
                    "name": "Name",
                    "type": "VARCHAR",
                    "constraints": [
                        {
                            "type": "NOT NULL",
                            "definition": "NOT NULL "
                        },
                        {
                            "type": "UNIQUE",
                            "definition": "UNIQUE"
                        }
                    ]
                },
                {
                    "name": "Width",
                    "type": "INTEGER"
                },
                {
                    "name": "Height",
                    "type": "INTEGER"
                },
                {
                    "name": "BlockWidth",
                    "type": "INTEGER"
                },
                {
                    "name": "BlockHeight",
                    "type": "INTEGER"
                },
                {
                    "name": "HGridSize",
                    "type": "INTEGER"
                },
                {
                    "name": "VgridSize",
                    "type": "INTEGER"
                },
                {
                    "name": "Comments",
                    "type": "VARCHAR"
                }
            ],
            "rows": [
                [
                    "1\/2 inch",
                    36,
                    36,
                    7,
                    2,
                    12,
                    12,
                    "Half-inch square counters"
                ],
                [
                    "5\/8 inch",
                    45,
                    45,
                    8,
                    2,
                    24,
                    24,
                    "Five-eighths inch square"
                ],
                [
                    "3\/4 inch",
                    54,
                    54,
                    6,
                    2,
                    24,
                    24,
                    "Three quarter inch square"
                ],
                [
                    "1 inch",
                    72,
                    72,
                    5,
                    2,
                    24,
                    24,
                    "One inch square counters"
                ],
                [
                    "Cards US",
                    180,
                    252,
                    0,
                    3,
                    24,
                    24,
                    "US-sized cards (2.5 x 3.5)"
                ],
                [
                    "Cards EU",
                    162,
                    252,
                    0,
                    3,
                    24,
                    24,
                    "European-sized cards (2.25 x 3.5)"
                ]
            ]
        },
        {
            "type": "table",
            "database": null,
            "name": "Params",
            "withoutRowId": true,
            "ddl": "CREATE TABLE Params (Parameter VARCHAR UNIQUE NOT NULL, Value VARCHAR, Comments VARCHAR)",
            "columns": [
                {
                    "name": "Parameter",
                    "type": "VARCHAR",
                    "constraints": [
                        {
                            "type": "UNIQUE",
                            "definition": "UNIQUE "
                        },
                        {
                            "type": "NOT NULL",
                            "definition": "NOT NULL"
                        }
                    ]
                },
                {
                    "name": "Value",
                    "type": "VARCHAR"
                },
                {
                    "name": "Comments",
                    "type": "VARCHAR"
                }
            ],
            "rows": [
                [
                    "Title",
                    "Napoleon at Waterloo",
                    null
                ],
                [
                    "Author",
                    "CNE",
                    null
                ],
                [
                    "Date",
                    "",
                    null
                ],
                [
                    "Margin",
                    "15",
                    "Margin size in points between the edge of the page and the counters"
                ],
                [
                    "Sprue height",
                    "10",
                    "Vertical separation between blocks of counters"
                ],
                [
                    "Image folder",
                    "images\\naw",
                    "Folder for NAW-specific images"
                ],
                [
                    "Common folder",
                    "images\\common",
                    "Folder for common images"
                ],
                [
                    "Border colour",
                    "grey50",
                    ""
                ],
                [
                    "Double-sided",
                    "False",
                    "FALSE for single-sided counters"
                ]
            ]
        },
        {
            "type": "table",
            "database": null,
            "name": "Elements",
            "withoutRowId": true,
            "ddl": "CREATE TABLE Elements (Template VARCHAR NOT NULL REFERENCES Templates (Name) ON DELETE CASCADE ON UPDATE CASCADE MATCH SIMPLE, Name VARCHAR NOT NULL, Nature VARCHAR, FrontBack VARCHAR (0), \\"Left\\" INTEGER, Top INTEGER, Width INTEGER, Height INTEGER, Font VARCHAR, Size INTEGER, Bold BOOLEAN, Italic BOOLEAN, Underline BOOLEAN, Orientation VARCHAR, Align VARCHAR, Transparency VARCHAR, Empty VARCHAR, P1 VARCHAR, P2 VARCHAR, Angle INTEGER, Flip VARCHAR)",
            "columns": [
                {
                    "name": "Template",
                    "type": "VARCHAR",
                    "constraints": [
                        {
                            "type": "NOT NULL",
                            "definition": "NOT NULL "
                        },
                        {
                            "type": "FOREIGN KEY",
                            "definition": "REFERENCES Templates (Name) ON DELETE CASCADE ON UPDATE CASCADE MATCH SIMPLE"
                        }
                    ]
                },
                {
                    "name": "Name",
                    "type": "VARCHAR",
                    "constraints": [
                        {
                            "type": "NOT NULL",
                            "definition": "NOT NULL"
                        }
                    ]
                },
                {
                    "name": "Nature",
                    "type": "VARCHAR"
                },
                {
                    "name": "FrontBack",
                    "type": "VARCHAR"
                },
                {
                    "name": "Left",
                    "type": "INTEGER"
                },
                {
                    "name": "Top",
                    "type": "INTEGER"
                },
                {
                    "name": "Width",
                    "type": "INTEGER"
                },
                {
                    "name": "Height",
                    "type": "INTEGER"
                },
                {
                    "name": "Font",
                    "type": "VARCHAR"
                },
                {
                    "name": "Size",
                    "type": "INTEGER"
                },
                {
                    "name": "Bold",
                    "type": "BOOLEAN"
                },
                {
                    "name": "Italic",
                    "type": "BOOLEAN"
                },
                {
                    "name": "Underline",
                    "type": "BOOLEAN"
                },
                {
                    "name": "Orientation",
                    "type": "VARCHAR"
                },
                {
                    "name": "Align",
                    "type": "VARCHAR"
                },
                {
                    "name": "Transparency",
                    "type": "VARCHAR"
                },
                {
                    "name": "Empty",
                    "type": "VARCHAR"
                },
                {
                    "name": "P1",
                    "type": "VARCHAR"
                },
                {
                    "name": "P2",
                    "type": "VARCHAR"
                },
                {
                    "name": "Angle",
                    "type": "INTEGER"
                },
                {
                    "name": "Flip",
                    "type": "VARCHAR"
                }
            ],
            "rows": [
                [
                    "NAW",
                    "id",
                    "text",
                    "f",
                    8,
                    2,
                    3,
                    6,
                    "casual contact mf",
                    40,
                    null,
                    null,
                    null,
                    null,
                    null,
                    "1",
                    null,
                    null,
                    null,
                    null,
                    null
                ],
                [
                    "NAW",
                    "type",
                    "image",
                    "f",
                    3,
                    4,
                    5,
                    3,
                    null,
                    null,
                    null,
                    null,
                    null,
                    null,
                    null,
                    null,
                    null,
                    null,
                    null,
                    null,
                    null
                ],
                [
                    "NAW",
                    "size",
                    "text",
                    "f",
                    3,
                    1,
                    5,
                    3,
                    "casual contact mf",
                    null,
                    null,
                    null,
                    null,
                    null,
                    null,
                    "1",
                    null,
                    null,
                    null,
                    null,
                    null
                ],
                [
                    "NAW",
                    "values",
                    "text",
                    "f",
                    1,
                    7,
                    10,
                    5,
                    "casual contact mf",
                    null,
                    null,
                    null,
                    null,
                    null,
                    null,
                    "1",
                    null,
                    null,
                    null,
                    null,
                    null
                ],
                [
                    "Turn",
                    "text",
                    "text",
                    "f",
                    1,
                    1,
                    11,
                    11,
                    "",
                    35,
                    "",
                    null,
                    null,
                    null,
                    null,
                    null,
                    null,
                    null,
                    null,
                    null,
                    null
                ]
            ]
        },
        {
            "type": "table",
            "database": null,
            "name": "Schemes",
            "withoutRowId": true,
            "ddl": "CREATE TABLE Schemes (Name VARCHAR, FrontBG VARCHAR, BackBG VARCHAR, Comments VARCHAR)",
            "columns": [
                {
                    "name": "Name",
                    "type": "VARCHAR"
                },
                {
                    "name": "FrontBG",
                    "type": "VARCHAR"
                },
                {
                    "name": "BackBG",
                    "type": "VARCHAR"
                },
                {
                    "name": "Comments",
                    "type": "VARCHAR"
                }
            ],
            "rows": [
                [
                    "NAW Br",
                    null,
                    null,
                    "NAW British"
                ],
                [
                    "NAW Pr",
                    null,
                    null,
                    "NAW Prussian"
                ],
                [
                    "NAW Fr",
                    null,
                    null,
                    "NAW French"
                ],
                [
                    "Turn",
                    null,
                    null,
                    null
                ]
            ]
        },
        {
            "type": "table",
            "database": null,
            "name": "ElementColours",
            "withoutRowId": true,
            "ddl": "CREATE TABLE ElementColours (Scheme VARCHAR NOT NULL, Element VARCHAR, FG VARCHAR, BG VARCHAR, BG2 VARCHAR, GradType VARCHAR, GradVal INTEGER)",
            "columns": [
                {
                    "name": "Scheme",
                    "type": "VARCHAR",
                    "constraints": [
                        {
                            "type": "NOT NULL",
                            "definition": "NOT NULL"
                        }
                    ]
                },
                {
                    "name": "Element",
                    "type": "VARCHAR"
                },
                {
                    "name": "FG",
                    "type": "VARCHAR"
                },
                {
                    "name": "BG",
                    "type": "VARCHAR"
                },
                {
                    "name": "BG2",
                    "type": "VARCHAR"
                },
                {
                    "name": "GradType",
                    "type": "VARCHAR"
                },
                {
                    "name": "GradVal",
                    "type": "INTEGER"
                }
            ],
            "rows": [
                [
                    "NAW Br",
                    "id",
                    "black",
                    "red",
                    null,
                    null,
                    null
                ],
                [
                    "NAW Br",
                    "type",
                    "",
                    "",
                    null,
                    null,
                    null
                ],
                [
                    "NAW Br",
                    "size",
                    "black",
                    "red",
                    null,
                    null,
                    null
                ],
                [
                    "NAW Br",
                    "values",
                    "black",
                    "red",
                    null,
                    null,
                    null
                ],
                [
                    "NAW Pr",
                    "id",
                    "black",
                    "PaleGreen",
                    null,
                    null,
                    null
                ],
                [
                    "NAW Pr",
                    "type",
                    "",
                    "",
                    null,
                    null,
                    null
                ],
                [
                    "NAW Pr",
                    "size",
                    "black",
                    "PaleGreen",
                    null,
                    null,
                    null
                ],
                [
                    "NAW Pr",
                    "values",
                    "black",
                    "PaleGreen",
                    null,
                    null,
                    null
                ],
                [
                    "NAW Fr",
                    "id",
                    "black",
                    "sweden",
                    null,
                    null,
                    null
                ],
                [
                    "NAW Fr",
                    "type",
                    "",
                    "",
                    null,
                    null,
                    null
                ],
                [
                    "NAW Fr",
                    "size",
                    "black",
                    "sweden",
                    null,
                    null,
                    null
                ],
                [
                    "NAW Fr",
                    "values",
                    "black",
                    "sweden",
                    null,
                    null,
                    null
                ],
                [
                    "Turn",
                    "text",
                    "black",
                    "PaleGreen",
                    null,
                    null,
                    null
                ]
            ]
        },
        {
            "type": "table",
            "database": null,
            "name": "Notes",
            "withoutRowId": true,
            "ddl": "CREATE TABLE Notes (Notes BLOB)",
            "columns": [
                {
                    "name": "Notes",
                    "type": "BLOB"
                }
            ],
            "rows": [
                [
                    "Original copyright: 1971 - SPI"
                ]
            ]
        },
        {
            "type": "table",
            "database": null,
            "name": "Templates",
            "withoutRowId": true,
            "ddl": "CREATE TABLE Templates (Name VARCHAR UNIQUE NOT NULL, Comments VARCHAR)",
            "columns": [
                {
                    "name": "Name",
                    "type": "VARCHAR",
                    "constraints": [
                        {
                            "type": "UNIQUE",
                            "definition": "UNIQUE "
                        },
                        {
                            "type": "NOT NULL",
                            "definition": "NOT NULL"
                        }
                    ]
                },
                {
                    "name": "Comments",
                    "type": "VARCHAR"
                }
            ],
            "rows": [
                [
                    "NAW",
                    "Napoleon at Waterloo, 1st edition, 1971"
                ],
                [
                    "Turn",
                    "Game-turn marker"
                ]
            ]
        }
    ]
}