"Type"|"Scheme"|"attack"|"defense"|"range"|"mvt"|"type"|"silhouette"|"name"|"id"|
"MOD cbt silh"|"MOD pb ge silh"|16|8|10|6|"A"|"silh pzv panther"|"Panther"|"101"|
"MOD cbt silh"|"MOD pb ge silh"|16|8|10|6|"A"|"silh pzv panther"|"Panther"|"102"|
"MOD cbt silh"|"MOD pb ge silh"|16|8|10|6|"A"|"silh pzv panther"|"Panther"|"103"|
"MOD cbt silh"|"MOD pb ge silh"|16|8|10|6|"A"|"silh pzv panther"|"Panther"|"104"|
"MOD cbt silh"|"MOD pb ge silh"|16|8|10|6|"A"|"silh pzv panther"|"Panther"|"105"|
"MOD cbt silh"|"MOD pb ge silh"|16|8|10|6|"A"|"silh pzv panther"|"Panther"|"106"|
"MOD cbt silh"|"MOD pb ge silh"|16|8|10|6|"A"|"silh pzv panther"|"Panther"|"107"|
"MOD cbt silh"|"MOD pb ge silh"|16|8|10|6|"A"|"silh pzv panther"|"Panther"|"108"|
"MOD cbt silh"|"MOD pb ge silh"|16|8|10|6|"A"|"silh pzv panther"|"Panther"|"109"|
"MOD cbt silh"|"MOD pb ge silh"|16|8|10|6|"A"|"silh pzv panther"|"Panther"|"110"|
||"attack"|"defense"|"range"|"mvt"|"type"|"symbol"|"size"|"name"|"id"
"MOD cbt symb"|"MOD pb ge symb"|2|3|1|1|"I"|"nato inf"|". . ."|"RIFLE"|"201"
"MOD cbt symb"|"MOD pb ge symb"|2|3|1|1|"I"|"nato inf"|". . ."|"RIFLE"|"202"
||"attack"|"defense"|"range"|"mvt"|"type"|"silhouette"|"name"|"id"|
"MOD cbt silh"|"MOD pb ru silh"|16|8|10|6|"A"|"silh nashorn"|"T-34/85"|"101"|
"MOD cbt silh"|"MOD pb ru silh"|16|8|10|6|"A"|"silh nashorn"|"T-34/85"|"102"|
"MOD cbt silh"|"MOD pb ru silh"|16|8|10|6|"A"|"silh nashorn"|"T-34/85"|"103"|
"MOD cbt silh"|"MOD pb ru silh"|16|8|10|6|"A"|"silh nashorn"|"T-34/85"|"104"|
"MOD cbt silh"|"MOD pb ru silh"|16|8|10|6|"A"|"silh nashorn"|"T-34/85"|"105"|
"MOD cbt silh"|"MOD pb ru silh"|16|8|10|6|"A"|"silh nashorn"|"T-34/85"|"106"|
"MOD cbt silh"|"MOD pb ru silh"|16|8|10|6|"A"|"silh nashorn"|"T-34/85"|"107"|
"MOD cbt silh"|"MOD pb ru silh"|16|8|10|6|"A"|"silh nashorn"|"T-34/85"|"108"|
"MOD cbt silh"|"MOD pb ru silh"|16|8|10|6|"A"|"silh nashorn"|"T-34/85"|"109"|
"MOD cbt silh"|"MOD pb ru silh"|16|8|10|6|"A"|"silh nashorn"|"T-34/85"|"110"|
||"attack"|"defense"|"range"|"mvt"|"type"|"symbol"|"size"|"name"|"id"
"MOD cbt symb"|"MOD pb ru symb"|2|3|1|1|"I"|"nato inf"|"I"|"RIFLE"|"201"
"MOD cbt symb"|"MOD pb ru symb"|2|3|1|1|"I"|"nato inf"|"I"|"RIFLE"|"202"
