{
  "title": "NAPOLEON AT WATERLOO",
  "copyright": "© 1971 SPI",
  "graphics": "CJN",
  "parameters": [
    {
      "parameter": "Margin",
      "value": "15",
      "comments": "Margin size in points between the edge of the page and the counters"
    },
    {
      "parameter": "Sprue Height",
      "value": "10",
      "comments": "Vertical separation between blocks of counters"
    },
    {
      "parameter": "Image folder",
      "value": "images/naw",
      "comments": "Where any images are stored"
    },
    {
      "parameter": "Common image folder",
      "value": "images/common",
      "comments": "Look here if not found in previous folder"
    },
    {
      "parameter": "Border colour",
      "value": "grey50",
      "comments": "Border colour"
    },
    {
      "parameter": "Double sided",
      "value": "FALSE",
      "comments": "FALSE for single-sided counters"
    }
  ],
  "sizes": [
    {
      "name": "1/2 INCH",
      "width": 36,
      "height": 36,
      "blockwidth": 7,
      "blockheight": 2,
      "hgridsize": 12,
      "vgridsize": 12,
      "comments": "Half inch square counters"
    },
    {
      "name": "5/8 INCH",
      "width": 45,
      "height": 45,
      "blockwidth": 8,
      "blockheight": 2,
      "hgridsize": 24,
      "vgridsize": 24,
      "comments": "Five eighths inch square"
    },
    {
      "name": "3/4 INCH",
      "width": 54,
      "height": 54,
      "blockwidth": 6,
      "blockheight": 2,
      "hgridsize": 24,
      "vgridsize": 24,
      "comments": "Three quarter inch square"
    },
    {
      "name": "ONE INCH",
      "width": 72,
      "height": 72,
      "blockwidth": 5,
      "blockheight": 4,
      "hgridsize": 24,
      "vgridsize": 24,
      "comments": "One inch square"
    },
    {
      "name": "CARDS US",
      "width": 180,
      "height": 252,
      "blockwidth": 0,
      "blockheight": 3,
      "hgridsize": 24,
      "vgridsize": 24,
      "comments": "US-sized cards (2.5 x 3.5)"
    },
    {
      "name": "CARDS EU",
      "width": 162,
      "height": 252,
      "blockwidth": 0,
      "blockheight": 3,
      "hgridsize": 24,
      "vgridsize": 24,
      "comments": "European-sized cards (2.25 x 3.5)"
    },
    {
      "name": "3/4 INCH x5",
      "width": 54,
      "height": 54,
      "blockwidth": 0,
      "blockheight": 2,
      "hgridsize": 24,
      "vgridsize": 24,
      "comments": "Three quarter inch counters, five per row"
    }
  ],
  "templates": [
    {
      "template_id": "NAW",
      "notes": "Napoleon at Waterloo, 1st edition."
    },
    {
      "template_id": "Turn",
      "notes": "Game-turn marker"
    }
  ],
  "elements": [
    {
      "template_id": "NAW",
      "name": "id",
      "nature": "text",
      "frontback": "f",
      "left": 8,
      "top": 2,
      "width": 3,
      "height": 6,
      "font": "casual contact mf",
      "size": 40,
      "bold": null,
      "italic": null,
      "uline": null,
      "orientation": null,
      "align": null,
      "transp": 1,
      "empty": null,
      "p1": null,
      "p2": null,
      "angle": null,
      "flip": null
    },
    {
      "template_id": "NAW",
      "name": "type",
      "nature": "image",
      "frontback": "f",
      "left": 3,
      "top": 4,
      "width": 5,
      "height": 3,
      "font": "",
      "size": null,
      "bold": null,
      "italic": null,
      "uline": null,
      "orientation": null,
      "align": null,
      "transp": null,
      "empty": null,
      "p1": null,
      "p2": null,
      "angle": null,
      "flip": null
    },
    {
      "template_id": "NAW",
      "name": "size",
      "nature": "text",
      "frontback": "f",
      "left": 3,
      "top": 1,
      "width": 5,
      "height": 3,
      "font": "casual contact mf",
      "size": null,
      "bold": null,
      "italic": null,
      "uline": null,
      "orientation": null,
      "align": null,
      "transp": 1,
      "empty": null,
      "p1": null,
      "p2": null,
      "angle": null,
      "flip": null
    },
    {
      "template_id": "NAW",
      "name": "values",
      "nature": "text",
      "frontback": "f",
      "left": 1,
      "top": 7,
      "width": 10,
      "height": 5,
      "font": "casual contact mf",
      "size": null,
      "bold": null,
      "italic": null,
      "uline": null,
      "orientation": null,
      "align": null,
      "transp": 1,
      "empty": null,
      "p1": null,
      "p2": null,
      "angle": null,
      "flip": null
    },
    {
      "template_id": "Turn",
      "name": "text",
      "nature": "text",
      "frontback": "f",
      "left": 1,
      "top": 1,
      "width": 11,
      "height": 11,
      "font": "",
      "size": 35,
      "bold": null,
      "italic": null,
      "uline": null,
      "orientation": null,
      "align": null,
      "transp": null,
      "empty": null,
      "p1": null,
      "p2": null,
      "angle": null,
      "flip": null
    }
  ],
  "SCHEMES": [
    {
      "name": "NAW Br",
      "notes": "NAW British"
    },
    {
      "name": "NAW Pr",
      "notes": "NAW Prussian"
    },
    {
      "name": "NAW Fr",
      "notes": "NAW French"
    },
    {
      "name": "Turn",
      "notes": ""
    }
  ],
  "ELEMENTCOLOURS": [
    {
      "scheme": "NAW Br",
      "element": "front",
      "fg": "",
      "bg": "red",
      "bg2": null,
      "gradtype": null,
      "gradval": null
    },
    {
      "scheme": "NAW Br",
      "element": "back",
      "fg": "",
      "bg": "green",
      "bg2": null,
      "gradtype": null,
      "gradval": null
    },
    {
      "scheme": "NAW Br",
      "element": "id",
      "fg": "black",
      "bg": "red",
      "bg2": null,
      "gradtype": null,
      "gradval": null
    },
    {
      "scheme": "NAW Br",
      "element": "type",
      "fg": "",
      "bg": "",
      "bg2": null,
      "gradtype": null,
      "gradval": null
    },
    {
      "scheme": "NAW Br",
      "element": "size",
      "fg": "black",
      "bg": "red",
      "bg2": null,
      "gradtype": null,
      "gradval": null
    },
    {
      "scheme": "NAW Br",
      "element": "values",
      "fg": "black",
      "bg": "red",
      "bg2": null,
      "gradtype": null,
      "gradval": null
    },
    {
      "scheme": "NAW Pr",
      "element": "front",
      "fg": "",
      "bg": "PaleGreen",
      "bg2": null,
      "gradtype": null,
      "gradval": null
    },
    {
      "scheme": "NAW Pr",
      "element": "back",
      "fg": "",
      "bg": "",
      "bg2": null,
      "gradtype": null,
      "gradval": null
    },
    {
      "scheme": "NAW Pr",
      "element": "id",
      "fg": "black",
      "bg": "PaleGreen",
      "bg2": null,
      "gradtype": null,
      "gradval": null
    },
    {
      "scheme": "NAW Pr",
      "element": "type",
      "fg": "",
      "bg": "",
      "bg2": null,
      "gradtype": null,
      "gradval": null
    },
    {
      "scheme": "NAW Pr",
      "element": "size",
      "fg": "black",
      "bg": "PaleGreen",
      "bg2": null,
      "gradtype": null,
      "gradval": null
    },
    {
      "scheme": "NAW Pr",
      "element": "values",
      "fg": "black",
      "bg": "PaleGreen",
      "bg2": null,
      "gradtype": null,
      "gradval": null
    },
    {
      "scheme": "NAW Fr",
      "element": "front",
      "fg": "",
      "bg": "cornflowerblue",
      "bg2": null,
      "gradtype": null,
      "gradval": null
    },
    {
      "scheme": "NAW Fr",
      "element": "back",
      "fg": "",
      "bg": "",
      "bg2": null,
      "gradtype": null,
      "gradval": null
    },
    {
      "scheme": "NAW Fr",
      "element": "id",
      "fg": "black",
      "bg": "sweden",
      "bg2": null,
      "gradtype": null,
      "gradval": null
    },
    {
      "scheme": "NAW Fr",
      "element": "type",
      "fg": "",
      "bg": "",
      "bg2": null,
      "gradtype": null,
      "gradval": null
    },
    {
      "scheme": "NAW Fr",
      "element": "size",
      "fg": "black",
      "bg": "sweden",
      "bg2": null,
      "gradtype": null,
      "gradval": null
    },
    {
      "scheme": "NAW Fr",
      "element": "values",
      "fg": "black",
      "bg": "sweden",
      "bg2": null,
      "gradtype": null,
      "gradval": null
    },
    {
      "scheme": "Turn",
      "element": "front",
      "fg": "",
      "bg": "PaleGreen",
      "bg2": null,
      "gradtype": null,
      "gradval": null
    },
    {
      "scheme": "Turn",
      "element": "back",
      "fg": "",
      "bg": "PaleGreen",
      "bg2": null,
      "gradtype": null,
      "gradval": null
    },
    {
      "scheme": "Turn",
      "element": "text",
      "fg": "black",
      "bg": "PaleGreen",
      "bg2": null,
      "gradtype": null,
      "gradval": null
    }
  ],
  "USERCOLOURS": [
    {
      "name": "RUSSIA",
      "r": 51,
      "g": 204,
      "b": 51,
      "rgb": 3394611,
      "hex": "33CC33",
      "sample": null
    },
    {
      "name": "FRANCE",
      "r": 153,
      "g": 204,
      "b": 255,
      "rgb": 16800000,
      "hex": "99CCFF",
      "sample": null
    },
    {
      "name": "PRUSSIA",
      "r": 153,
      "g": 153,
      "b": 153,
      "rgb": 10100000,
      "hex": "999999",
      "sample": null
    },
    {
      "name": "AUSTRIA",
      "r": 255,
      "g": 255,
      "b": 102,
      "rgb": 6750207,
      "hex": "FFFF66",
      "sample": null
    },
    {
      "name": "BRITAIN",
      "r": 255,
      "g": 128,
      "b": 128,
      "rgb": 8421631,
      "hex": "FF8080",
      "sample": null
    },
    {
      "name": "SPAIN",
      "r": 255,
      "g": 204,
      "b": 0,
      "rgb": 52479,
      "hex": "FFCC00",
      "sample": null
    },
    {
      "name": "PORTUGAL",
      "r": 255,
      "g": 255,
      "b": 102,
      "rgb": 6750207,
      "hex": "FFFF66",
      "sample": null
    },
    {
      "name": "OTTOMAN",
      "r": 153,
      "g": 255,
      "b": 51,
      "rgb": 3407769,
      "hex": "99FF33",
      "sample": null
    },
    {
      "name": "POLAND",
      "r": 255,
      "g": 128,
      "b": 128,
      "rgb": 8421631,
      "hex": "FF8080",
      "sample": null
    },
    {
      "name": "SWEDEN",
      "r": 51,
      "g": 102,
      "b": 255,
      "rgb": 16700000,
      "hex": "3366FF",
      "sample": null
    },
    {
      "name": "SAXONY",
      "r": 204,
      "g": 153,
      "b": 255,
      "rgb": 16800000,
      "hex": "CC99FF",
      "sample": null
    },
    {
      "name": "",
      "r": null,
      "g": null,
      "b": null,
      "rgb": null,
      "hex": "",
      "sample": null
    },
    {
      "name": "RUSSIA_2",
      "r": 204,
      "g": 153,
      "b": 0,
      "rgb": 39372,
      "hex": "CC9900",
      "sample": null
    },
    {
      "name": "RUSSIA_GD",
      "r": 255,
      "g": 0,
      "b": 0,
      "rgb": 255,
      "hex": "FF0000",
      "sample": null
    },
    {
      "name": "USA_DK",
      "r": 128,
      "g": 153,
      "b": 0,
      "rgb": 39296,
      "hex": "809900",
      "sample": null
    },
    {
      "name": "USA_LT",
      "r": 153,
      "g": 204,
      "b": 0,
      "rgb": 52377,
      "hex": "99CC00",
      "sample": null
    },
    {
      "name": "COMMONWEALTH",
      "r": 204,
      "g": 204,
      "b": 0,
      "rgb": 52428,
      "hex": "CCCC00",
      "sample": null
    },
    {
      "name": "GERMANY",
      "r": 153,
      "g": 153,
      "b": 153,
      "rgb": 10100000,
      "hex": "999999",
      "sample": null
    },
    {
      "name": "GERMANY_SS",
      "r": 102,
      "g": 102,
      "b": 102,
      "rgb": 6710886,
      "hex": "666666",
      "sample": null
    },
    {
      "name": "ITALY",
      "r": 153,
      "g": 255,
      "b": 102,
      "rgb": 6750105,
      "hex": "99FF66",
      "sample": null
    },
    {
      "name": "FRANCE_2",
      "r": 102,
      "g": 153,
      "b": 255,
      "rgb": 16800000,
      "hex": "6699FF",
      "sample": null
    },
    {
      "name": "ROMANIA",
      "r": 0,
      "g": 128,
      "b": 128,
      "rgb": 8421376,
      "hex": "008080",
      "sample": null
    },
    {
      "name": "HUNGARY",
      "r": 51,
      "g": 204,
      "b": 204,
      "rgb": 13400000,
      "hex": "33CCCC",
      "sample": null
    }
  ],
  "COUNTERSHEETS": [
    {
      "id": "NAW",
      "notes": ""
    }
  ],
  "NAW": [
    {
      "size": "90",
      "template": "BLEED",
      "scheme": "NAW Br",
      "id": "-1",
      "type": "-1",
      "values": "56"
    },
    {
      "size": "XX",
      "template": "NAW",
      "scheme": "NAW Br",
      "id": "1 Gd",
      "type": "inf",
      "values": "7 - 4"
    },
    {
      "size": "XX",
      "template": "NAW",
      "scheme": "NAW Br",
      "id": "3",
      "type": "inf",
      "values": "6 - 4"
    },
    {
      "size": "XX",
      "template": "NAW",
      "scheme": "NAW Br",
      "id": "2 DB",
      "type": "inf",
      "values": "5 - 4"
    },
    {
      "size": "XX",
      "template": "NAW",
      "scheme": "NAW Br",
      "id": "3 DB",
      "type": "inf",
      "values": "4 - 4"
    },
    {
      "size": "XX",
      "template": "NAW",
      "scheme": "NAW Br",
      "id": "2",
      "type": "inf",
      "values": "6 - 4"
    },
    {
      "size": "XX",
      "template": "NAW",
      "scheme": "NAW Br",
      "id": "4",
      "type": "inf",
      "values": "6 - 4"
    },
    {
      "size": "XX",
      "template": "NAW",
      "scheme": "NAW Br",
      "id": "5",
      "type": "inf",
      "values": "7 - 4"
    },
    {
      "size": "XX",
      "template": "NAW",
      "scheme": "NAW Br",
      "id": "6",
      "type": "inf",
      "values": "6 - 4"
    },
    {
      "size": "XX",
      "template": "NAW",
      "scheme": "NAW Br",
      "id": "Bru",
      "type": "inf",
      "values": "2 - 4"
    },
    {
      "size": "XX",
      "template": "NAW",
      "scheme": "NAW Br",
      "id": "1 Gd",
      "type": "cav",
      "values": "4 - 5"
    },
    {
      "size": "XX",
      "template": "NAW",
      "scheme": "NAW Br",
      "id": "",
      "type": "cav",
      "values": "4 - 5"
    },
    {
      "size": "XX",
      "template": "NAW",
      "scheme": "NAW Br",
      "id": "",
      "type": "cav",
      "values": "3 - 5"
    },
    {
      "size": "XX",
      "template": "NAW",
      "scheme": "NAW Br",
      "id": "",
      "type": "cav",
      "values": "3 - 5"
    },
    {
      "size": "XX",
      "template": "NAW",
      "scheme": "NAW Br",
      "id": "DB",
      "type": "cav",
      "values": "1 - 5"
    },
    {
      "size": "",
      "template": "NAW",
      "scheme": "NAW Br",
      "id": "I",
      "type": "art",
      "values": "3 - 3"
    },
    {
      "size": "",
      "template": "NAW",
      "scheme": "NAW Br",
      "id": "R",
      "type": "art",
      "values": "3 - 3"
    },
    {
      "size": "64",
      "template": "BLEED",
      "scheme": "NAW Pr",
      "id": "0",
      "type": "-1",
      "values": "28"
    },
    {
      "size": "",
      "template": "Turn",
      "scheme": "Turn",
      "id": "GAME\nTURN",
      "type": "",
      "values": ""
    },
    {
      "size": "XX",
      "template": "NAW",
      "scheme": "NAW Pr",
      "id": "",
      "type": "inf",
      "values": "5 - 4"
    },
    {
      "size": "XX",
      "template": "NAW",
      "scheme": "NAW Pr",
      "id": "",
      "type": "inf",
      "values": "4 - 4"
    },
    {
      "size": "XX",
      "template": "NAW",
      "scheme": "NAW Pr",
      "id": "",
      "type": "inf",
      "values": "4 - 4"
    },
    {
      "size": "XX",
      "template": "NAW",
      "scheme": "NAW Pr",
      "id": "",
      "type": "inf",
      "values": "4 - 4"
    },
    {
      "size": "",
      "template": "NAW",
      "scheme": "NAW Br",
      "id": "II",
      "type": "art",
      "values": "2 - 3"
    },
    {
      "size": "X",
      "template": "NAW",
      "scheme": "NAW Br",
      "id": "",
      "type": "inf",
      "values": "1 - 4"
    },
    {
      "size": "XX",
      "template": "NAW",
      "scheme": "NAW Pr",
      "id": "",
      "type": "inf",
      "values": "4 - 4"
    },
    {
      "size": "XX",
      "template": "NAW",
      "scheme": "NAW Pr",
      "id": "",
      "type": "cav",
      "values": "3 - 5"
    },
    {
      "size": "XX",
      "template": "NAW",
      "scheme": "NAW Pr",
      "id": "",
      "type": "cav",
      "values": "3 - 5"
    },
    {
      "size": "",
      "template": "NAW",
      "scheme": "NAW Pr",
      "id": "",
      "type": "art",
      "values": "4 - 3"
    },
    {
      "size": "",
      "template": "NAW",
      "scheme": "NAW Pr",
      "id": "",
      "type": "art",
      "values": "3 - 3"
    },
    {
      "size": "90",
      "template": "BLEED",
      "scheme": "NAW Fr",
      "id": "-1",
      "type": "-1",
      "values": "56"
    },
    {
      "size": "XX",
      "template": "NAW",
      "scheme": "NAW Fr",
      "id": "Gr Gd",
      "type": "inf",
      "values": "7 - 4"
    },
    {
      "size": "XX",
      "template": "NAW",
      "scheme": "NAW Fr",
      "id": "Ch Gd",
      "type": "inf",
      "values": "6 - 4"
    },
    {
      "size": "XX",
      "template": "NAW",
      "scheme": "NAW Fr",
      "id": "Yg Gd",
      "type": "inf",
      "values": "5 - 4"
    },
    {
      "size": "XX",
      "template": "NAW",
      "scheme": "NAW Fr",
      "id": "1",
      "type": "inf",
      "values": "4 - 4"
    },
    {
      "size": "XX",
      "template": "NAW",
      "scheme": "NAW Fr",
      "id": "2",
      "type": "inf",
      "values": "5 - 4"
    },
    {
      "size": "XX",
      "template": "NAW",
      "scheme": "NAW Fr",
      "id": "3",
      "type": "inf",
      "values": "4 - 4"
    },
    {
      "size": "XX",
      "template": "NAW",
      "scheme": "NAW Fr",
      "id": "4",
      "type": "inf",
      "values": "4 - 4"
    },
    {
      "size": "XX",
      "template": "NAW",
      "scheme": "NAW Fr",
      "id": "5",
      "type": "inf",
      "values": "4 - 4"
    },
    {
      "size": "XX",
      "template": "NAW",
      "scheme": "NAW Fr",
      "id": "6",
      "type": "inf",
      "values": "7 - 4"
    },
    {
      "size": "XX",
      "template": "NAW",
      "scheme": "NAW Fr",
      "id": "9",
      "type": "inf",
      "values": "5 - 4"
    },
    {
      "size": "XX",
      "template": "NAW",
      "scheme": "NAW Fr",
      "id": "19",
      "type": "inf",
      "values": "4 - 4"
    },
    {
      "size": "XX",
      "template": "NAW",
      "scheme": "NAW Fr",
      "id": "20",
      "type": "inf",
      "values": "2 - 4"
    },
    {
      "size": "XX",
      "template": "NAW",
      "scheme": "NAW Fr",
      "id": "Gd Lt",
      "type": "cav",
      "values": "3 - 6"
    },
    {
      "size": "XX",
      "template": "NAW",
      "scheme": "NAW Fr",
      "id": "Gd Hvy",
      "type": "cav",
      "values": "4 - 5"
    },
    {
      "size": "XX",
      "template": "NAW",
      "scheme": "NAW Fr",
      "id": "1",
      "type": "cav",
      "values": "2 - 5"
    },
    {
      "size": "XX",
      "template": "NAW",
      "scheme": "NAW Fr",
      "id": "2",
      "type": "cav",
      "values": "2 - 5"
    },
    {
      "size": "XX",
      "template": "NAW",
      "scheme": "NAW Fr",
      "id": "11",
      "type": "cav",
      "values": "2 - 5"
    },
    {
      "size": "XX",
      "template": "NAW",
      "scheme": "NAW Fr",
      "id": "12",
      "type": "cav",
      "values": "2 - 5"
    },
    {
      "size": "XX",
      "template": "NAW",
      "scheme": "NAW Fr",
      "id": "13",
      "type": "cav",
      "values": "1 - 5"
    },
    {
      "size": "XX",
      "template": "NAW",
      "scheme": "NAW Fr",
      "id": "14",
      "type": "cav",
      "values": "1 - 5"
    },
    {
      "size": "XX",
      "template": "NAW",
      "scheme": "NAW Fr",
      "id": "5",
      "type": "cav",
      "values": "1 - 5"
    },
    {
      "size": "",
      "template": "NAW",
      "scheme": "NAW Fr",
      "id": "Gd",
      "type": "art",
      "values": "5 - 3"
    },
    {
      "size": "",
      "template": "NAW",
      "scheme": "NAW Fr",
      "id": "I",
      "type": "art",
      "values": "3 - 3"
    },
    {
      "size": "",
      "template": "NAW",
      "scheme": "NAW Fr",
      "id": "II",
      "type": "art",
      "values": "3 - 3"
    },
    {
      "size": "",
      "template": "NAW",
      "scheme": "NAW Fr",
      "id": "VI",
      "type": "art",
      "values": "2 - 3"
    },
    {
      "size": "XX",
      "template": "NAW",
      "scheme": "NAW Fr",
      "id": "3",
      "type": "cav",
      "values": "1 - 5"
    },
    {
      "size": "",
      "template": "BLANK",
      "scheme": "NAW Fr",
      "id": "",
      "type": "",
      "values": ""
    },
    {
      "size": "",
      "template": "BLANK",
      "scheme": "NAW Fr",
      "id": "",
      "type": "",
      "values": ""
    }
  ]
}