#table parameters
"Parameter"|"Value"
"counter size (points)"|48
"units per row"|10
"size of grid"|24
"margins (pixels)"|15
#endtable
#table sizes
"Name"|"hpixels"|"vpixels"|"comments"
"half-inch"|36|36|
#endtable
#table types
"Name"|
"units"|
"leaders"|
"forts"|
"markers"|
#endtable
#table fields
"Type"|"Name"|"Nature"|"front/back"|"left"|"top"|"width"|"height"|"font"|"size"|"bold"|"italic"|"uline"|"shadow"|"outline"|"orientation"|"align"|"transp"|"empty"
"units"|"ID"|"text"|"f"|2|19|12|23||||||||"up"|"center"|TRUE|
"units"|"type"|"image"|"f"|7|7|12|18||||||||||TRUE|
"units"|"size"|"text"|"f"|2|1|6|24|||||||||"center"|TRUE|
"units"|"strength"|"text"|"f"|15|1|22|12|||||||||"center"|TRUE|
"units"|"mvt"|"text"|"f"|15|13|22|14|||||||||"center"|TRUE|
"leaders"|"name"|"text"|"f"|2|1|12|24|||||||||"center"|TRUE|
"leaders"|"bonus"|"text"|"f"|15|1|22|12|||||||||"center"|TRUE|
"leaders"|"mvt"|"text"|"f"|15|13|22|14|||||||||"center"|TRUE|
"forts"|"fort"|"image"|"fb"|1|1|26|26|||||||||||
"forts"|"value"|"text"|"f"|18|14|8|12||20|TRUE||TRUE|TRUE|TRUE|||TRUE|
"markers"|"name"|"text"|"f"|1|1|24|24|||||||||"center"|TRUE|
#endtable
#table colors
"name"|"r"|"g"|"b"|"rgb"|"example"
"BLACK"|0|0|0|0|
"BLUE"|0|0|128|8388608|
"GREY"|204|204|204|13421772|
"WHITE"|255|255|255|16777215|
#endtable
#table schemes
"Name"||
"USA units"||
"USA leaders"||
"USA forts"||
"USA markers"||
"CSA units"||
"CSA leaders"||
"CSA markers"||
#endtable
#table fieldcolors
"Scheme"|"Field"|"FG"|"BG"|"BG2"|"Grad type"|"Subtype"|||
"USA units"|"Front"|"BLUE"|"BLUE"|||
"USA units"|"Back"|"BLUE"|"BLUE"|||
"USA units"|"ID"|"WHITE"|"BLUE"|||
"USA units"|"type"|"WHITE"|"BLUE"|||
"USA units"|"size"|"WHITE"|"BLUE"|||
"USA units"|"strength"|"WHITE"|"BLUE"|||
"USA units"|"mvt"|"WHITE"|"BLUE"|||
"USA leaders"|"Front"|"BLUE"|"BLUE"|||
"USA leaders"|"Back"|"BLUE"|"BLUE"|||
"USA leaders"|"name"|"WHITE"|"BLUE"|||
"USA leaders"|"bonus"|"WHITE"|"BLUE"|||
"USA leaders"|"mvt"|"WHITE"|"BLUE"|||
"USA forts"|"Front"|"BLUE"|"BLUE"|||
"USA forts"|"Back"|"BLUE"|"BLUE"|||
"USA forts"|"fort"|"WHITE"|"BLUE"|||
"USA forts"|"value"|"WHITE"|"BLUE"|||
"USA markers"|"Front"|"BLUE"|"BLUE"|||
"USA markers"|"Back"|"BLUE"|"BLUE"|||
"USA markers"|"name"|"WHITE"|"BLUE"|||
"CSA units"|"Front"|"GREY"|"GREY"|||
"CSA units"|"Back"|"GREY"|"GREY"|||
"CSA units"|"ID"|"BLACK"|"GREY"|||
"CSA units"|"type"|"BLACK"|"GREY"|||
"CSA units"|"size"|"BLACK"|"GREY"|||
"CSA units"|"strength"|"BLACK"|"GREY"|||
"CSA units"|"mvt"|"BLACK"|"GREY"|||
"CSA leaders"|"Front"|"GREY"|"GREY"|||
"CSA leaders"|"Back"|"GREY"|"GREY"|||
"CSA leaders"|"name"|"BLACK"|"GREY"|||
"CSA leaders"|"bonus"|"BLACK"|"GREY"|||
"CSA leaders"|"mvt"|"BLACK"|"GREY"|||
"CSA markers"|"Front"|"GREY"|"GREY"|||
"CSA markers"|"Back"|"GREY"|"GREY"|||
"CSA markers"|"name"|"BLACK"|"GREY"|||
#endtable
#table countersheets
#sheet LeeMovesNorth
"Size"|"Type"|"Scheme"|"name"|"bonus"|"mvt"|
"half-inch"|"leaders"|"USA leaders"|"Grant"|"12"|"5"|
"half-inch"|"leaders"|"USA leaders"|"Hancock"|"4"|"5"|
"half-inch"|"leaders"|"USA leaders"|"McClellan"|"12"|"5"|
"half-inch"|"leaders"|"USA leaders"|"Meade"|"7"|"5"|
"half-inch"|"leaders"|"USA leaders"|"Pope"|"4"|"5"|
"half-inch"|"leaders"|"USA leaders"|"Porter"|"5"|"5"|
"half-inch"|"leaders"|"USA leaders"|"Reynolds"|"5"|"5"|
"half-inch"|"leaders"|"USA leaders"|"Sedgewick"|"5"|"5"|
"half-inch"|"leaders"|"USA leaders"|"Sheridan"|"6"|"5"|
"half-inch"|"leaders"|"USA leaders"|"Sherman"|"8"|"5"|
"half-inch"|"leaders"|"USA leaders"|"Sickles"|"4"|"5"|
"half-inch"|"leaders"|"USA leaders"|"Sumner"|"5"|"5"|
|||"ID"|"type"|"size"|"strength"|"mvt"|
"half-inch"|"units"|"USA units"|"I"|"inf"|"xxx"|"16"|"5"|
"half-inch"|"units"|"USA units"|"I"|"inf"|"xxx"|"12"|"5"|
"half-inch"|"units"|"USA units"|"I"|"inf"|"xxx"|"9"|"5"|
"half-inch"|"units"|"USA units"|"I"|"inf"|"xxx"|"6"|"5"|
"half-inch"|"units"|"USA units"|"I"|"inf"|"xxx"|"4"|"5"|
"half-inch"|"units"|"USA units"|"I"|"inf"|"xxx"|"2"|"5"|
"half-inch"|"units"|"USA units"|"II"|"inf"|"xxx"|"12"|"5"|
"half-inch"|"units"|"USA units"|"II"|"inf"|"xxx"|"9"|"5"|
"half-inch"|"units"|"USA units"|"II"|"inf"|"xxx"|"6"|"5"|
"half-inch"|"units"|"USA units"|"II"|"inf"|"xxx"|"4"|"5"|
"half-inch"|"units"|"USA units"|"II"|"inf"|"xxx"|"2"|"5"|
"half-inch"|"units"|"USA units"|"III"|"inf"|"xxx"|"12"|"5"|
"half-inch"|"units"|"USA units"|"III"|"inf"|"xxx"|"9"|"5"|
"half-inch"|"units"|"USA units"|"III"|"inf"|"xxx"|"6"|"5"|
"half-inch"|"units"|"USA units"|"III"|"inf"|"xxx"|"4"|"5"|
"half-inch"|"units"|"USA units"|"III"|"inf"|"xxx"|"2"|"5"|
"half-inch"|"units"|"USA units"|"V"|"inf"|"xxx"|"12"|"5"|
"half-inch"|"units"|"USA units"|"V"|"inf"|"xxx"|"9"|"5"|
"half-inch"|"units"|"USA units"|"V"|"inf"|"xxx"|"6"|"5"|
"half-inch"|"units"|"USA units"|"V"|"inf"|"xxx"|"4"|"5"|
"half-inch"|"units"|"USA units"|"V"|"inf"|"xxx"|"2"|"5"|
"half-inch"|"units"|"USA units"|"VI"|"inf"|"xxx"|"16"|"5"|
"half-inch"|"units"|"USA units"|"VI"|"inf"|"xxx"|"12"|"5"|
"half-inch"|"units"|"USA units"|"VI"|"inf"|"xxx"|"9"|"5"|
"half-inch"|"units"|"USA units"|"VI"|"inf"|"xxx"|"6"|"5"|
"half-inch"|"units"|"USA units"|"VI"|"inf"|"xxx"|"4"|"5"|
"half-inch"|"units"|"USA units"|"VI"|"inf"|"xxx"|"2"|"5"|
"half-inch"|"units"|"USA units"|"VIII"|"inf"|"xxx"|"6"|"5"|
"half-inch"|"units"|"USA units"|"VIII"|"inf"|"xxx"|"4"|"5"|
"half-inch"|"units"|"USA units"|"VIII"|"inf"|"xxx"|"2"|"5"|
"half-inch"|"units"|"USA units"|"IX"|"inf"|"xxx"|"12"|"5"|
"half-inch"|"units"|"USA units"|"IX"|"inf"|"xxx"|"9"|"5"|
"half-inch"|"units"|"USA units"|"IX"|"inf"|"xxx"|"6"|"5"|
"half-inch"|"units"|"USA units"|"IX"|"inf"|"xxx"|"4"|"5"|
"half-inch"|"units"|"USA units"|"IX"|"inf"|"xxx"|"2"|"5"|
"half-inch"|"units"|"USA units"|"XI"|"inf"|"xxx"|"9"|"5"|
"half-inch"|"units"|"USA units"|"XI"|"inf"|"xxx"|"6"|"5"|
"half-inch"|"units"|"USA units"|"XI"|"inf"|"xxx"|"4"|"5"|
"half-inch"|"units"|"USA units"|"XI"|"inf"|"xxx"|"2"|"5"|
"half-inch"|"units"|"USA units"|"XII"|"inf"|"xxx"|"9"|"5"|
"half-inch"|"units"|"USA units"|"XII"|"inf"|"xxx"|"6"|"5"|
"half-inch"|"units"|"USA units"|"XII"|"inf"|"xxx"|"4"|"5"|
"half-inch"|"units"|"USA units"|"XII"|"inf"|"xxx"|"2"|"5"|
"half-inch"|"units"|"USA units"|"XV"|"inf"|"xxx"|"6"|"5"|
"half-inch"|"units"|"USA units"|"XV"|"inf"|"xxx"|"4"|"5"|
"half-inch"|"units"|"USA units"|"XV"|"inf"|"xxx"|"2"|"5"|
"half-inch"|"units"|"USA units"|"XVI"|"inf"|"xxx"|"6"|"5"|
"half-inch"|"units"|"USA units"|"XVI"|"inf"|"xxx"|"4"|"5"|
"half-inch"|"units"|"USA units"|"XVI"|"inf"|"xxx"|"2"|"5"|
"half-inch"|"units"|"USA units"|"XVII"|"inf"|"xxx"|"6"|"5"|
"half-inch"|"units"|"USA units"|"XVII"|"inf"|"xxx"|"4"|"5"|
"half-inch"|"units"|"USA units"|"XVII"|"inf"|"xxx"|"2"|"5"|
"half-inch"|"units"|"USA units"|"XVIII"|"inf"|"xxx"|"6"|"5"|
"half-inch"|"units"|"USA units"|"XVIII"|"inf"|"xxx"|"4"|"5"|
"half-inch"|"units"|"USA units"|"XVIII"|"inf"|"xxx"|"2"|"5"|
"half-inch"|"units"|"USA units"|"XIX"|"inf"|"xxx"|"6"|"5"|
"half-inch"|"units"|"USA units"|"XIX"|"inf"|"xxx"|"4"|"5"|
"half-inch"|"units"|"USA units"|"XIX"|"inf"|"xxx"|"2"|"5"|
"half-inch"|"units"|"USA units"|"Rep"|"inf"|"xxx"|"6"|"5"|
"half-inch"|"units"|"USA units"|"Rep"|"inf"|"xxx"|"4"|"5"|
"half-inch"|"units"|"USA units"|"Rep"|"inf"|"xxx"|"2"|"5"|
"half-inch"|"units"|"USA units"|"1 mil"|"inf"||"1"|"5"|
"half-inch"|"units"|"USA units"|"2 mil"|"inf"||"1"|"5"|
"half-inch"|"units"|"USA units"|"3 mil"|"inf"||"1"|"5"|
"half-inch"|"units"|"USA units"|"4 mil"|"inf"||"1"|"5"|
"half-inch"|"units"|"USA units"|"1"|"cav"|"xx"|"1"|"6"|
"half-inch"|"units"|"USA units"|"2"|"cav"|"xx"|"1"|"6"|
"half-inch"|"units"|"USA units"|"3"|"cav"|"xx"|"1"|"6"|
|||"name"|"bonus"|"mvt"|
"half-inch"|"leaders"|"USA leaders"|"Dummy"|"o"|"5"|
"half-inch"|"leaders"|"USA leaders"|"Dummy"|"o"|"5"|
"half-inch"|"leaders"|"USA leaders"|"Dummy"|"o"|"5"|
"half-inch"|"leaders"|"USA leaders"|"Dummy"|"o"|"5"|
"half-inch"|"leaders"|"USA leaders"|"Dummy"|"o"|"5"|
|||"fort"|"value"|
"half-inch"|"forts"|"USA forts"|"fort"|"5"|
"half-inch"|"forts"|"USA forts"|"fort"|"4"|
"half-inch"|"forts"|"USA forts"|"fort"|"3"|
"half-inch"|"forts"|"USA forts"|"fort"|"2"|
"half-inch"|"forts"|"USA forts"|"fort"|"1"|
"half-inch"|"forts"|"USA forts"|"fort"|"4"|
"half-inch"|"forts"|"USA forts"|"fort"|"3"|
"half-inch"|"forts"|"USA forts"|"fort"|"2"|
"half-inch"|"forts"|"USA forts"|"fort"|"1"|
"half-inch"|"forts"|"USA forts"|"fort"|"4"|
"half-inch"|"forts"|"USA forts"|"fort"|"3"|
"half-inch"|"forts"|"USA forts"|"fort"|"2"|
"half-inch"|"forts"|"USA forts"|"fort"|"1"|
"half-inch"|"forts"|"USA forts"|"fort"|"4"|
"half-inch"|"forts"|"USA forts"|"fort"|"3"|
"half-inch"|"forts"|"USA forts"|"fort"|"2"|
"half-inch"|"forts"|"USA forts"|"fort"|"1"|
|||"name"|
"half-inch"|"markers"|"USA markers"|"Train"|
"half-inch"|"markers"|"USA markers"|"Train"|
"half-inch"|"markers"|"USA markers"|"Train"|
"half-inch"|"markers"|"USA markers"|"USA"|
"half-inch"|"markers"|"USA markers"|"USA"|
"half-inch"|"markers"|"USA markers"|"USA"|
"half-inch"|"markers"|"USA markers"|"USA"|
"half-inch"|"markers"|"USA markers"|"USA"|
"half-inch"|"markers"|"USA markers"|"Disrupted"|
"half-inch"|"markers"|"USA markers"|"Disrupted"|
"half-inch"|"markers"|"USA markers"|"Disrupted"|
"half-inch"|"markers"|"USA markers"|"Disrupted"|
"half-inch"|"markers"|"USA markers"|"Disrupted"|
|||"name"|"bonus"|"mvt"|
"half-inch"|"leaders"|"CSA leaders"|"Lee"|"15"|"6"|
"half-inch"|"leaders"|"CSA leaders"|"Jackson"|"10"|"6"|
"half-inch"|"leaders"|"CSA leaders"|"Longstreet"|"6"|"6"|
"half-inch"|"leaders"|"CSA leaders"|"Hill"|"6"|"6"|
"half-inch"|"leaders"|"CSA leaders"|"Ewell"|"6"|"6"|
"half-inch"|"leaders"|"CSA leaders"|"Supply"|"0"|"6"|
|||"ID"|"type"|"size"|"strength"|"mvt"|
"half-inch"|"units"|"CSA units"|"An"|"inf"|"xx"|"7"|"6"|
"half-inch"|"units"|"CSA units"|"An"|"inf"|"xx"|"5"|"6"|
"half-inch"|"units"|"CSA units"|"An"|"inf"|"xx"|"4"|"6"|
"half-inch"|"units"|"CSA units"|"An"|"inf"|"xx"|"2"|"6"|
"half-inch"|"units"|"CSA units"|"AH"|"inf"|"xx"|"6"|"6"|
"half-inch"|"units"|"CSA units"|"AH"|"inf"|"xx"|"5"|"6"|
"half-inch"|"units"|"CSA units"|"AH"|"inf"|"xx"|"4"|"6"|
"half-inch"|"units"|"CSA units"|"AH"|"inf"|"xx"|"2"|"6"|
"half-inch"|"units"|"CSA units"|"Be"|"inf"|"xx"|"6"|"6"|
"half-inch"|"units"|"CSA units"|"Be"|"inf"|"xx"|"5"|"6"|
"half-inch"|"units"|"CSA units"|"Be"|"inf"|"xx"|"4"|"6"|
"half-inch"|"units"|"CSA units"|"Be"|"inf"|"xx"|"2"|"6"|
"half-inch"|"units"|"CSA units"|"DH"|"inf"|"xx"|"5"|"6"|
"half-inch"|"units"|"CSA units"|"DH"|"inf"|"xx"|"4"|"6"|
"half-inch"|"units"|"CSA units"|"DH"|"inf"|"xx"|"2"|"6"|
"half-inch"|"units"|"CSA units"|"DJ"|"inf"|"xx"|"6"|"6"|
"half-inch"|"units"|"CSA units"|"DJ"|"inf"|"xx"|"5"|"6"|
"half-inch"|"units"|"CSA units"|"DJ"|"inf"|"xx"|"4"|"6"|
"half-inch"|"units"|"CSA units"|"DJ"|"inf"|"xx"|"2"|"6"|
"half-inch"|"units"|"CSA units"|"Ea"|"inf"|"xx"|"6"|"6"|
"half-inch"|"units"|"CSA units"|"Ea"|"inf"|"xx"|"5"|"6"|
"half-inch"|"units"|"CSA units"|"Ea"|"inf"|"xx"|"4"|"6"|
"half-inch"|"units"|"CSA units"|"Ea"|"inf"|"xx"|"2"|"6"|
"half-inch"|"units"|"CSA units"|"Ew"|"inf"|"xx"|"6"|"6"|
"half-inch"|"units"|"CSA units"|"Ew"|"inf"|"xx"|"5"|"6"|
"half-inch"|"units"|"CSA units"|"Ew"|"inf"|"xx"|"4"|"6"|
"half-inch"|"units"|"CSA units"|"Ew"|"inf"|"xx"|"2"|"6"|
"half-inch"|"units"|"CSA units"|"He"|"inf"|"xx"|"6"|"6"|
"half-inch"|"units"|"CSA units"|"He"|"inf"|"xx"|"5"|"6"|
"half-inch"|"units"|"CSA units"|"He"|"inf"|"xx"|"4"|"6"|
"half-inch"|"units"|"CSA units"|"He"|"inf"|"xx"|"2"|"6"|
"half-inch"|"units"|"CSA units"|"Ho"|"inf"|"xx"|"7"|"6"|
"half-inch"|"units"|"CSA units"|"Ho"|"inf"|"xx"|"5"|"6"|
"half-inch"|"units"|"CSA units"|"Ho"|"inf"|"xx"|"4"|"6"|
"half-inch"|"units"|"CSA units"|"Ho"|"inf"|"xx"|"2"|"6"|
"half-inch"|"units"|"CSA units"|"JJ"|"inf"|"xx"|"6"|"6"|
"half-inch"|"units"|"CSA units"|"JJ"|"inf"|"xx"|"5"|"6"|
"half-inch"|"units"|"CSA units"|"JJ"|"inf"|"xx"|"4"|"6"|
"half-inch"|"units"|"CSA units"|"JJ"|"inf"|"xx"|"2"|"6"|
"half-inch"|"units"|"CSA units"|"Jo"|"inf"|"xx"|"6"|"6"|
"half-inch"|"units"|"CSA units"|"Jo"|"inf"|"xx"|"5"|"6"|
"half-inch"|"units"|"CSA units"|"Jo"|"inf"|"xx"|"4"|"6"|
"half-inch"|"units"|"CSA units"|"Jo"|"inf"|"xx"|"2"|"6"|
"half-inch"|"units"|"CSA units"|"Mc"|"inf"|"xx"|"7"|"6"|
"half-inch"|"units"|"CSA units"|"Mc"|"inf"|"xx"|"5"|"6"|
"half-inch"|"units"|"CSA units"|"Mc"|"inf"|"xx"|"4"|"6"|
"half-inch"|"units"|"CSA units"|"Mc"|"inf"|"xx"|"2"|"6"|
"half-inch"|"units"|"CSA units"|"Pe"|"inf"|"xx"|"6"|"6"|
"half-inch"|"units"|"CSA units"|"Pe"|"inf"|"xx"|"5"|"6"|
"half-inch"|"units"|"CSA units"|"Pe"|"inf"|"xx"|"4"|"6"|
"half-inch"|"units"|"CSA units"|"Pe"|"inf"|"xx"|"2"|"6"|
"half-inch"|"units"|"CSA units"|"Pi"|"inf"|"xx"|"5"|"6"|
"half-inch"|"units"|"CSA units"|"Pi"|"inf"|"xx"|"4"|"6"|
"half-inch"|"units"|"CSA units"|"Pi"|"inf"|"xx"|"2"|"6"|
"half-inch"|"units"|"CSA units"|"Ro"|"inf"|"xx"|"7"|"6"|
"half-inch"|"units"|"CSA units"|"Ro"|"inf"|"xx"|"5"|"6"|
"half-inch"|"units"|"CSA units"|"Ro"|"inf"|"xx"|"4"|"6"|
"half-inch"|"units"|"CSA units"|"Ro"|"inf"|"xx"|"2"|"6"|
"half-inch"|"units"|"CSA units"|"Wa"|"inf"|"xx"|"6"|"6"|
"half-inch"|"units"|"CSA units"|"Wa"|"inf"|"xx"|"5"|"6"|
"half-inch"|"units"|"CSA units"|"Wa"|"inf"|"xx"|"4"|"6"|
"half-inch"|"units"|"CSA units"|"Wa"|"inf"|"xx"|"2"|"6"|
"half-inch"|"units"|"CSA units"|"Rep"|"inf"|"xx"|"4"|"6"|
"half-inch"|"units"|"CSA units"|"Rep"|"inf"|"xx"|"2"|"6"|
"half-inch"|"units"|"USA units"|"1"|"cav"|"x"|"1"|"7"|
"half-inch"|"units"|"USA units"|"2"|"cav"|"x"|"1"|"7"|
"half-inch"|"units"|"USA units"|"3"|"cav"|"x"|"1"|"7"|
"half-inch"|"units"|"USA units"|"4"|"cav"|"x"|"1"|"7"|
"half-inch"|"units"|"USA units"|"5"|"cav"|"x"|"1"|"7"|
|||"name"|"bonus"|"mvt"|
"half-inch"|"leaders"|"CSA leaders"|"Dummy"|"o"|"6"|
"half-inch"|"leaders"|"CSA leaders"|"Dummy"|"o"|"6"|
"half-inch"|"leaders"|"CSA leaders"|"Dummy"|"o"|"6"|
"half-inch"|"leaders"|"CSA leaders"|"Dummy"|"o"|"6"|
"half-inch"|"leaders"|"CSA leaders"|"Supply"|"0"|"6"|
|||"name"|
"half-inch"|"markers"|"CSA markers"|"CSA"|
"half-inch"|"markers"|"CSA markers"|"CSA"|
"half-inch"|"markers"|"CSA markers"|"CSA"|
"half-inch"|"markers"|"CSA markers"|"CSA"|
"half-inch"|"markers"|"CSA markers"|"CSA"|
"half-inch"|"markers"|"CSA markers"|"Disrupted"|
"half-inch"|"markers"|"CSA markers"|"Disrupted"|
"half-inch"|"markers"|"CSA markers"|"Disrupted"|
"half-inch"|"markers"|"CSA markers"|"Disrupted"|
"half-inch"|"markers"|"CSA markers"|"Disrupted"|
#endsheet
#endtable