{
   "COUNTERSHEETS" : [
      {
         "id" : "NAW",
         "notes" : ""
      }
   ],
   "ELEMENTCOLOURS" : [
      {
         "bg" : "red",
         "bg2" : null,
         "element" : "front",
         "fg" : "",
         "gradtype" : null,
         "gradval" : null,
         "scheme" : "NAW Br"
      },
      {
         "bg" : "green",
         "bg2" : null,
         "element" : "back",
         "fg" : "",
         "gradtype" : null,
         "gradval" : null,
         "scheme" : "NAW Br"
      },
      {
         "bg" : "red",
         "bg2" : null,
         "element" : "id",
         "fg" : "black",
         "gradtype" : null,
         "gradval" : null,
         "scheme" : "NAW Br"
      },
      {
         "bg" : "",
         "bg2" : null,
         "element" : "type",
         "fg" : "",
         "gradtype" : null,
         "gradval" : null,
         "scheme" : "NAW Br"
      },
      {
         "bg" : "red",
         "bg2" : null,
         "element" : "size",
         "fg" : "black",
         "gradtype" : null,
         "gradval" : null,
         "scheme" : "NAW Br"
      },
      {
         "bg" : "red",
         "bg2" : null,
         "element" : "values",
         "fg" : "black",
         "gradtype" : null,
         "gradval" : null,
         "scheme" : "NAW Br"
      },
      {
         "bg" : "PaleGreen",
         "bg2" : null,
         "element" : "front",
         "fg" : "",
         "gradtype" : null,
         "gradval" : null,
         "scheme" : "NAW Pr"
      },
      {
         "bg" : "",
         "bg2" : null,
         "element" : "back",
         "fg" : "",
         "gradtype" : null,
         "gradval" : null,
         "scheme" : "NAW Pr"
      },
      {
         "bg" : "PaleGreen",
         "bg2" : null,
         "element" : "id",
         "fg" : "black",
         "gradtype" : null,
         "gradval" : null,
         "scheme" : "NAW Pr"
      },
      {
         "bg" : "",
         "bg2" : null,
         "element" : "type",
         "fg" : "",
         "gradtype" : null,
         "gradval" : null,
         "scheme" : "NAW Pr"
      },
      {
         "bg" : "PaleGreen",
         "bg2" : null,
         "element" : "size",
         "fg" : "black",
         "gradtype" : null,
         "gradval" : null,
         "scheme" : "NAW Pr"
      },
      {
         "bg" : "PaleGreen",
         "bg2" : null,
         "element" : "values",
         "fg" : "black",
         "gradtype" : null,
         "gradval" : null,
         "scheme" : "NAW Pr"
      },
      {
         "bg" : "cornflowerblue",
         "bg2" : null,
         "element" : "front",
         "fg" : "",
         "gradtype" : null,
         "gradval" : null,
         "scheme" : "NAW Fr"
      },
      {
         "bg" : "",
         "bg2" : null,
         "element" : "back",
         "fg" : "",
         "gradtype" : null,
         "gradval" : null,
         "scheme" : "NAW Fr"
      },
      {
         "bg" : "sweden",
         "bg2" : null,
         "element" : "id",
         "fg" : "black",
         "gradtype" : null,
         "gradval" : null,
         "scheme" : "NAW Fr"
      },
      {
         "bg" : "",
         "bg2" : null,
         "element" : "type",
         "fg" : "",
         "gradtype" : null,
         "gradval" : null,
         "scheme" : "NAW Fr"
      },
      {
         "bg" : "sweden",
         "bg2" : null,
         "element" : "size",
         "fg" : "black",
         "gradtype" : null,
         "gradval" : null,
         "scheme" : "NAW Fr"
      },
      {
         "bg" : "sweden",
         "bg2" : null,
         "element" : "values",
         "fg" : "black",
         "gradtype" : null,
         "gradval" : null,
         "scheme" : "NAW Fr"
      },
      {
         "bg" : "PaleGreen",
         "bg2" : null,
         "element" : "front",
         "fg" : "",
         "gradtype" : null,
         "gradval" : null,
         "scheme" : "Turn"
      },
      {
         "bg" : "PaleGreen",
         "bg2" : null,
         "element" : "back",
         "fg" : "",
         "gradtype" : null,
         "gradval" : null,
         "scheme" : "Turn"
      },
      {
         "bg" : "PaleGreen",
         "bg2" : null,
         "element" : "text",
         "fg" : "black",
         "gradtype" : null,
         "gradval" : null,
         "scheme" : "Turn"
      }
   ],
   "NAW" : [
      {
         "id" : "-1",
         "scheme" : "NAW Br",
         "size" : "90",
         "template" : "BLEED",
         "type" : "-1",
         "values" : "56"
      },
      {
         "id" : "1 Gd",
         "scheme" : "NAW Br",
         "size" : "XX",
         "template" : "NAW",
         "type" : "inf",
         "values" : "7 - 4"
      },
      {
         "id" : "3",
         "scheme" : "NAW Br",
         "size" : "XX",
         "template" : "NAW",
         "type" : "inf",
         "values" : "6 - 4"
      },
      {
         "id" : "2 DB",
         "scheme" : "NAW Br",
         "size" : "XX",
         "template" : "NAW",
         "type" : "inf",
         "values" : "5 - 4"
      },
      {
         "id" : "3 DB",
         "scheme" : "NAW Br",
         "size" : "XX",
         "template" : "NAW",
         "type" : "inf",
         "values" : "4 - 4"
      },
      {
         "id" : "2",
         "scheme" : "NAW Br",
         "size" : "XX",
         "template" : "NAW",
         "type" : "inf",
         "values" : "6 - 4"
      },
      {
         "id" : "4",
         "scheme" : "NAW Br",
         "size" : "XX",
         "template" : "NAW",
         "type" : "inf",
         "values" : "6 - 4"
      },
      {
         "id" : "5",
         "scheme" : "NAW Br",
         "size" : "XX",
         "template" : "NAW",
         "type" : "inf",
         "values" : "7 - 4"
      },
      {
         "id" : "6",
         "scheme" : "NAW Br",
         "size" : "XX",
         "template" : "NAW",
         "type" : "inf",
         "values" : "6 - 4"
      },
      {
         "id" : "Bru",
         "scheme" : "NAW Br",
         "size" : "XX",
         "template" : "NAW",
         "type" : "inf",
         "values" : "2 - 4"
      },
      {
         "id" : "1 Gd",
         "scheme" : "NAW Br",
         "size" : "XX",
         "template" : "NAW",
         "type" : "cav",
         "values" : "4 - 5"
      },
      {
         "id" : "",
         "scheme" : "NAW Br",
         "size" : "XX",
         "template" : "NAW",
         "type" : "cav",
         "values" : "4 - 5"
      },
      {
         "id" : "",
         "scheme" : "NAW Br",
         "size" : "XX",
         "template" : "NAW",
         "type" : "cav",
         "values" : "3 - 5"
      },
      {
         "id" : "",
         "scheme" : "NAW Br",
         "size" : "XX",
         "template" : "NAW",
         "type" : "cav",
         "values" : "3 - 5"
      },
      {
         "id" : "DB",
         "scheme" : "NAW Br",
         "size" : "XX",
         "template" : "NAW",
         "type" : "cav",
         "values" : "1 - 5"
      },
      {
         "id" : "I",
         "scheme" : "NAW Br",
         "size" : "",
         "template" : "NAW",
         "type" : "art",
         "values" : "3 - 3"
      },
      {
         "id" : "R",
         "scheme" : "NAW Br",
         "size" : "",
         "template" : "NAW",
         "type" : "art",
         "values" : "3 - 3"
      },
      {
         "id" : "0",
         "scheme" : "NAW Pr",
         "size" : "64",
         "template" : "BLEED",
         "type" : "-1",
         "values" : "28"
      },
      {
         "id" : "GAME\nTURN",
         "scheme" : "Turn",
         "size" : "",
         "template" : "Turn",
         "type" : "",
         "values" : ""
      },
      {
         "id" : "",
         "scheme" : "NAW Pr",
         "size" : "XX",
         "template" : "NAW",
         "type" : "inf",
         "values" : "5 - 4"
      },
      {
         "id" : "",
         "scheme" : "NAW Pr",
         "size" : "XX",
         "template" : "NAW",
         "type" : "inf",
         "values" : "4 - 4"
      },
      {
         "id" : "",
         "scheme" : "NAW Pr",
         "size" : "XX",
         "template" : "NAW",
         "type" : "inf",
         "values" : "4 - 4"
      },
      {
         "id" : "",
         "scheme" : "NAW Pr",
         "size" : "XX",
         "template" : "NAW",
         "type" : "inf",
         "values" : "4 - 4"
      },
      {
         "id" : "II",
         "scheme" : "NAW Br",
         "size" : "",
         "template" : "NAW",
         "type" : "art",
         "values" : "2 - 3"
      },
      {
         "id" : "",
         "scheme" : "NAW Br",
         "size" : "X",
         "template" : "NAW",
         "type" : "inf",
         "values" : "1 - 4"
      },
      {
         "id" : "",
         "scheme" : "NAW Pr",
         "size" : "XX",
         "template" : "NAW",
         "type" : "inf",
         "values" : "4 - 4"
      },
      {
         "id" : "",
         "scheme" : "NAW Pr",
         "size" : "XX",
         "template" : "NAW",
         "type" : "cav",
         "values" : "3 - 5"
      },
      {
         "id" : "",
         "scheme" : "NAW Pr",
         "size" : "XX",
         "template" : "NAW",
         "type" : "cav",
         "values" : "3 - 5"
      },
      {
         "id" : "",
         "scheme" : "NAW Pr",
         "size" : "",
         "template" : "NAW",
         "type" : "art",
         "values" : "4 - 3"
      },
      {
         "id" : "",
         "scheme" : "NAW Pr",
         "size" : "",
         "template" : "NAW",
         "type" : "art",
         "values" : "3 - 3"
      },
      {
         "id" : "-1",
         "scheme" : "NAW Fr",
         "size" : "90",
         "template" : "BLEED",
         "type" : "-1",
         "values" : "56"
      },
      {
         "id" : "Gr Gd",
         "scheme" : "NAW Fr",
         "size" : "XX",
         "template" : "NAW",
         "type" : "inf",
         "values" : "7 - 4"
      },
      {
         "id" : "Ch Gd",
         "scheme" : "NAW Fr",
         "size" : "XX",
         "template" : "NAW",
         "type" : "inf",
         "values" : "6 - 4"
      },
      {
         "id" : "Yg Gd",
         "scheme" : "NAW Fr",
         "size" : "XX",
         "template" : "NAW",
         "type" : "inf",
         "values" : "5 - 4"
      },
      {
         "id" : "1",
         "scheme" : "NAW Fr",
         "size" : "XX",
         "template" : "NAW",
         "type" : "inf",
         "values" : "4 - 4"
      },
      {
         "id" : "2",
         "scheme" : "NAW Fr",
         "size" : "XX",
         "template" : "NAW",
         "type" : "inf",
         "values" : "5 - 4"
      },
      {
         "id" : "3",
         "scheme" : "NAW Fr",
         "size" : "XX",
         "template" : "NAW",
         "type" : "inf",
         "values" : "4 - 4"
      },
      {
         "id" : "4",
         "scheme" : "NAW Fr",
         "size" : "XX",
         "template" : "NAW",
         "type" : "inf",
         "values" : "4 - 4"
      },
      {
         "id" : "5",
         "scheme" : "NAW Fr",
         "size" : "XX",
         "template" : "NAW",
         "type" : "inf",
         "values" : "4 - 4"
      },
      {
         "id" : "6",
         "scheme" : "NAW Fr",
         "size" : "XX",
         "template" : "NAW",
         "type" : "inf",
         "values" : "7 - 4"
      },
      {
         "id" : "9",
         "scheme" : "NAW Fr",
         "size" : "XX",
         "template" : "NAW",
         "type" : "inf",
         "values" : "5 - 4"
      },
      {
         "id" : "19",
         "scheme" : "NAW Fr",
         "size" : "XX",
         "template" : "NAW",
         "type" : "inf",
         "values" : "4 - 4"
      },
      {
         "id" : "20",
         "scheme" : "NAW Fr",
         "size" : "XX",
         "template" : "NAW",
         "type" : "inf",
         "values" : "2 - 4"
      },
      {
         "id" : "Gd Lt",
         "scheme" : "NAW Fr",
         "size" : "XX",
         "template" : "NAW",
         "type" : "cav",
         "values" : "3 - 6"
      },
      {
         "id" : "Gd Hvy",
         "scheme" : "NAW Fr",
         "size" : "XX",
         "template" : "NAW",
         "type" : "cav",
         "values" : "4 - 5"
      },
      {
         "id" : "1",
         "scheme" : "NAW Fr",
         "size" : "XX",
         "template" : "NAW",
         "type" : "cav",
         "values" : "2 - 5"
      },
      {
         "id" : "2",
         "scheme" : "NAW Fr",
         "size" : "XX",
         "template" : "NAW",
         "type" : "cav",
         "values" : "2 - 5"
      },
      {
         "id" : "11",
         "scheme" : "NAW Fr",
         "size" : "XX",
         "template" : "NAW",
         "type" : "cav",
         "values" : "2 - 5"
      },
      {
         "id" : "12",
         "scheme" : "NAW Fr",
         "size" : "XX",
         "template" : "NAW",
         "type" : "cav",
         "values" : "2 - 5"
      },
      {
         "id" : "13",
         "scheme" : "NAW Fr",
         "size" : "XX",
         "template" : "NAW",
         "type" : "cav",
         "values" : "1 - 5"
      },
      {
         "id" : "14",
         "scheme" : "NAW Fr",
         "size" : "XX",
         "template" : "NAW",
         "type" : "cav",
         "values" : "1 - 5"
      },
      {
         "id" : "5",
         "scheme" : "NAW Fr",
         "size" : "XX",
         "template" : "NAW",
         "type" : "cav",
         "values" : "1 - 5"
      },
      {
         "id" : "Gd",
         "scheme" : "NAW Fr",
         "size" : "",
         "template" : "NAW",
         "type" : "art",
         "values" : "5 - 3"
      },
      {
         "id" : "I",
         "scheme" : "NAW Fr",
         "size" : "",
         "template" : "NAW",
         "type" : "art",
         "values" : "3 - 3"
      },
      {
         "id" : "II",
         "scheme" : "NAW Fr",
         "size" : "",
         "template" : "NAW",
         "type" : "art",
         "values" : "3 - 3"
      },
      {
         "id" : "VI",
         "scheme" : "NAW Fr",
         "size" : "",
         "template" : "NAW",
         "type" : "art",
         "values" : "2 - 3"
      },
      {
         "id" : "3",
         "scheme" : "NAW Fr",
         "size" : "XX",
         "template" : "NAW",
         "type" : "cav",
         "values" : "1 - 5"
      },
      {
         "id" : "",
         "scheme" : "NAW Fr",
         "size" : "",
         "template" : "BLANK",
         "type" : "",
         "values" : ""
      },
      {
         "id" : "",
         "scheme" : "NAW Fr",
         "size" : "",
         "template" : "BLANK",
         "type" : "",
         "values" : ""
      }
   ],
   "SCHEMES" : [
      {
         "name" : "NAW Br",
         "notes" : "NAW British"
      },
      {
         "name" : "NAW Pr",
         "notes" : "NAW Prussian"
      },
      {
         "name" : "NAW Fr",
         "notes" : "NAW French"
      },
      {
         "name" : "Turn",
         "notes" : ""
      }
   ],
   "USERCOLOURS" : [
      {
         "b" : 51,
         "g" : 204,
         "hex" : "33CC33",
         "name" : "RUSSIA",
         "r" : 51,
         "rgb" : 3394611,
         "sample" : null
      },
      {
         "b" : 255,
         "g" : 204,
         "hex" : "99CCFF",
         "name" : "FRANCE",
         "r" : 153,
         "rgb" : 16800000,
         "sample" : null
      },
      {
         "b" : 153,
         "g" : 153,
         "hex" : "999999",
         "name" : "PRUSSIA",
         "r" : 153,
         "rgb" : 10100000,
         "sample" : null
      },
      {
         "b" : 102,
         "g" : 255,
         "hex" : "FFFF66",
         "name" : "AUSTRIA",
         "r" : 255,
         "rgb" : 6750207,
         "sample" : null
      },
      {
         "b" : 128,
         "g" : 128,
         "hex" : "FF8080",
         "name" : "BRITAIN",
         "r" : 255,
         "rgb" : 8421631,
         "sample" : null
      },
      {
         "b" : 0,
         "g" : 204,
         "hex" : "FFCC00",
         "name" : "SPAIN",
         "r" : 255,
         "rgb" : 52479,
         "sample" : null
      },
      {
         "b" : 102,
         "g" : 255,
         "hex" : "FFFF66",
         "name" : "PORTUGAL",
         "r" : 255,
         "rgb" : 6750207,
         "sample" : null
      },
      {
         "b" : 51,
         "g" : 255,
         "hex" : "99FF33",
         "name" : "OTTOMAN",
         "r" : 153,
         "rgb" : 3407769,
         "sample" : null
      },
      {
         "b" : 128,
         "g" : 128,
         "hex" : "FF8080",
         "name" : "POLAND",
         "r" : 255,
         "rgb" : 8421631,
         "sample" : null
      },
      {
         "b" : 255,
         "g" : 102,
         "hex" : "3366FF",
         "name" : "SWEDEN",
         "r" : 51,
         "rgb" : 16700000,
         "sample" : null
      },
      {
         "b" : 255,
         "g" : 153,
         "hex" : "CC99FF",
         "name" : "SAXONY",
         "r" : 204,
         "rgb" : 16800000,
         "sample" : null
      },
      {
         "b" : null,
         "g" : null,
         "hex" : "",
         "name" : "",
         "r" : null,
         "rgb" : null,
         "sample" : null
      },
      {
         "b" : 0,
         "g" : 153,
         "hex" : "CC9900",
         "name" : "RUSSIA_2",
         "r" : 204,
         "rgb" : 39372,
         "sample" : null
      },
      {
         "b" : 0,
         "g" : 0,
         "hex" : "FF0000",
         "name" : "RUSSIA_GD",
         "r" : 255,
         "rgb" : 255,
         "sample" : null
      },
      {
         "b" : 0,
         "g" : 153,
         "hex" : "809900",
         "name" : "USA_DK",
         "r" : 128,
         "rgb" : 39296,
         "sample" : null
      },
      {
         "b" : 0,
         "g" : 204,
         "hex" : "99CC00",
         "name" : "USA_LT",
         "r" : 153,
         "rgb" : 52377,
         "sample" : null
      },
      {
         "b" : 0,
         "g" : 204,
         "hex" : "CCCC00",
         "name" : "COMMONWEALTH",
         "r" : 204,
         "rgb" : 52428,
         "sample" : null
      },
      {
         "b" : 153,
         "g" : 153,
         "hex" : "999999",
         "name" : "GERMANY",
         "r" : 153,
         "rgb" : 10100000,
         "sample" : null
      },
      {
         "b" : 102,
         "g" : 102,
         "hex" : "666666",
         "name" : "GERMANY_SS",
         "r" : 102,
         "rgb" : 6710886,
         "sample" : null
      },
      {
         "b" : 102,
         "g" : 255,
         "hex" : "99FF66",
         "name" : "ITALY",
         "r" : 153,
         "rgb" : 6750105,
         "sample" : null
      },
      {
         "b" : 255,
         "g" : 153,
         "hex" : "6699FF",
         "name" : "FRANCE_2",
         "r" : 102,
         "rgb" : 16800000,
         "sample" : null
      },
      {
         "b" : 128,
         "g" : 128,
         "hex" : "008080",
         "name" : "ROMANIA",
         "r" : 0,
         "rgb" : 8421376,
         "sample" : null
      },
      {
         "b" : 204,
         "g" : 204,
         "hex" : "33CCCC",
         "name" : "HUNGARY",
         "r" : 51,
         "rgb" : 13400000,
         "sample" : null
      }
   ],
   "copyright" : "� 1971 SPI",
   "elements" : [
      {
         "align" : null,
         "angle" : null,
         "bold" : null,
         "empty" : null,
         "flip" : null,
         "font" : "casual contact mf",
         "frontback" : "f",
         "height" : 6,
         "italic" : null,
         "left" : 8,
         "name" : "id",
         "nature" : "text",
         "orientation" : null,
         "p1" : null,
         "p2" : null,
         "size" : 40,
         "template_id" : "NAW",
         "top" : 2,
         "transp" : 1,
         "uline" : null,
         "width" : 3
      },
      {
         "align" : null,
         "angle" : null,
         "bold" : null,
         "empty" : null,
         "flip" : null,
         "font" : "",
         "frontback" : "f",
         "height" : 3,
         "italic" : null,
         "left" : 3,
         "name" : "type",
         "nature" : "image",
         "orientation" : null,
         "p1" : null,
         "p2" : null,
         "size" : null,
         "template_id" : "NAW",
         "top" : 4,
         "transp" : null,
         "uline" : null,
         "width" : 5
      },
      {
         "align" : null,
         "angle" : null,
         "bold" : null,
         "empty" : null,
         "flip" : null,
         "font" : "casual contact mf",
         "frontback" : "f",
         "height" : 3,
         "italic" : null,
         "left" : 3,
         "name" : "size",
         "nature" : "text",
         "orientation" : null,
         "p1" : null,
         "p2" : null,
         "size" : null,
         "template_id" : "NAW",
         "top" : 1,
         "transp" : 1,
         "uline" : null,
         "width" : 5
      },
      {
         "align" : null,
         "angle" : null,
         "bold" : null,
         "empty" : null,
         "flip" : null,
         "font" : "casual contact mf",
         "frontback" : "f",
         "height" : 5,
         "italic" : null,
         "left" : 1,
         "name" : "values",
         "nature" : "text",
         "orientation" : null,
         "p1" : null,
         "p2" : null,
         "size" : null,
         "template_id" : "NAW",
         "top" : 7,
         "transp" : 1,
         "uline" : null,
         "width" : 10
      },
      {
         "align" : null,
         "angle" : null,
         "bold" : null,
         "empty" : null,
         "flip" : null,
         "font" : "",
         "frontback" : "f",
         "height" : 11,
         "italic" : null,
         "left" : 1,
         "name" : "text",
         "nature" : "text",
         "orientation" : null,
         "p1" : null,
         "p2" : null,
         "size" : 35,
         "template_id" : "Turn",
         "top" : 1,
         "transp" : null,
         "uline" : null,
         "width" : 11
      }
   ],
   "graphics" : "CJN",
   "parameters" : [
      {
         "comments" : "Margin size in points between the edge of the page and the counters",
         "parameter" : "Margin",
         "value" : "15"
      },
      {
         "comments" : "Vertical separation between blocks of counters",
         "parameter" : "Sprue Height",
         "value" : "10"
      },
      {
         "comments" : "Where any images are stored",
         "parameter" : "Image folder",
         "value" : "images/naw"
      },
      {
         "comments" : "Look here if not found in previous folder",
         "parameter" : "Common image folder",
         "value" : "images/common"
      },
      {
         "comments" : "Border colour",
         "parameter" : "Border colour",
         "value" : "grey50"
      },
      {
         "comments" : "FALSE for single-sided counters",
         "parameter" : "Double sided",
         "value" : "FALSE"
      }
   ],
   "sizes" : [
      {
         "blockheight" : 2,
         "blockwidth" : 7,
         "comments" : "Half inch square counters",
         "height" : 36,
         "hgridsize" : 12,
         "name" : "1/2 INCH",
         "vgridsize" : 12,
         "width" : 36
      },
      {
         "blockheight" : 2,
         "blockwidth" : 8,
         "comments" : "Five eighths inch square",
         "height" : 45,
         "hgridsize" : 24,
         "name" : "5/8 INCH",
         "vgridsize" : 24,
         "width" : 45
      },
      {
         "blockheight" : 2,
         "blockwidth" : 6,
         "comments" : "Three quarter inch square",
         "height" : 54,
         "hgridsize" : 24,
         "name" : "3/4 INCH",
         "vgridsize" : 24,
         "width" : 54
      },
      {
         "blockheight" : 4,
         "blockwidth" : 5,
         "comments" : "One inch square",
         "height" : 72,
         "hgridsize" : 24,
         "name" : "ONE INCH",
         "vgridsize" : 24,
         "width" : 72
      },
      {
         "blockheight" : 3,
         "blockwidth" : 0,
         "comments" : "US-sized cards (2.5 x 3.5)",
         "height" : 252,
         "hgridsize" : 24,
         "name" : "CARDS US",
         "vgridsize" : 24,
         "width" : 180
      },
      {
         "blockheight" : 3,
         "blockwidth" : 0,
         "comments" : "European-sized cards (2.25 x 3.5)",
         "height" : 252,
         "hgridsize" : 24,
         "name" : "CARDS EU",
         "vgridsize" : 24,
         "width" : 162
      },
      {
         "blockheight" : 2,
         "blockwidth" : 0,
         "comments" : "Three quarter inch counters, five per row",
         "height" : 54,
         "hgridsize" : 24,
         "name" : "3/4 INCH x5",
         "vgridsize" : 24,
         "width" : 54
      }
   ],
   "templates" : [
      {
         "notes" : "Napoleon at Waterloo, 1st edition.",
         "template_id" : "NAW"
      },
      {
         "notes" : "Game-turn marker",
         "template_id" : "Turn"
      }
   ],
   "title" : "NAPOLEON AT WATERLOO"
}
