{
  "params": {
    "name": "NAW",
    "version": "1.0",
    "author": "CJN",
    "notes": "SPI 1971"
  },
  "sizes": [
    {
      "id": "LCU",
      "height": 50,
      "width": 50
    },
    {
      "id": "SCU",
      "height": 35,
      "width": 35
    }
  ],
  "templates": [
    {
      "id": "NAW",
      "notes": "cbt units"
    },
    {
      "id": "markers",
      "notes": "GT marker"
    }
  ],
  "elements": [
    {
      "template_id": "NAW",
      "name": "id",
      "nature": "text",
      "frontback": "f",
      "left": 8,
      "top": 2,
      "width": 3,
      "height": 6,
      "font": "casual contact mf",
      "size": 40,
      "bold": null,
      "italic": null,
      "uline": null,
      "orientation": null,
      "align": null,
      "transp": 1,
      "empty": null,
      "p1": null,
      "p2": null,
      "angle": null,
      "flip": null
    },
    {
      "template_id": "NAW",
      "name": "type",
      "nature": "image",
      "frontback": "f",
      "left": 3,
      "top": 4,
      "width": 5,
      "height": 3,
      "font": "",
      "size": null,
      "bold": null,
      "italic": null,
      "uline": null,
      "orientation": null,
      "align": null,
      "transp": null,
      "empty": null,
      "p1": null,
      "p2": null,
      "angle": null,
      "flip": null
    },
    {
      "template_id": "NAW",
      "name": "size",
      "nature": "text",
      "frontback": "f",
      "left": 3,
      "top": 1,
      "width": 5,
      "height": 3,
      "font": "casual contact mf",
      "size": null,
      "bold": null,
      "italic": null,
      "uline": null,
      "orientation": null,
      "align": null,
      "transp": 1,
      "empty": null,
      "p1": null,
      "p2": null,
      "angle": null,
      "flip": null
    },
    {
      "template_id": "NAW",
      "name": "values",
      "nature": "text",
      "frontback": "f",
      "left": 1,
      "top": 7,
      "width": 10,
      "height": 5,
      "font": "casual contact mf",
      "size": null,
      "bold": null,
      "italic": null,
      "uline": null,
      "orientation": null,
      "align": null,
      "transp": 1,
      "empty": null,
      "p1": null,
      "p2": null,
      "angle": null,
      "flip": null
    },
    {
      "template_id": "markers",
      "name": "text",
      "nature": "text",
      "frontback": "f",
      "left": 1,
      "top": 1,
      "width": 11,
      "height": 11,
      "font": "",
      "size": 35,
      "bold": null,
      "italic": null,
      "uline": null,
      "orientation": null,
      "align": null,
      "transp": null,
      "empty": null,
      "p1": null,
      "p2": null,
      "angle": null,
      "flip": null
    }
  ]
}